{"24025391": 18.499999999999996, "64056340": 4.500000000000001}