{"24025391": 18.499999999999996, "64056340": 25.10000000000009}