{"24025391": 18.499999999999996, "64056340": 19.50000000000001}