{"24025391": 18.499999999999996, "64056340": 1.5000000000000004}