{"24025391": 18.499999999999996, "64056340": 19.300000000000008}