{"24025391": 18.499999999999996, "64056340": 11.699999999999976}