{"24025391": 18.499999999999996, "64056340": 21.900000000000045}