{"24025391": 18.499999999999996, "64056340": 20.700000000000028}