{"24025391": 18.499999999999996, "64056340": 14.299999999999967}