{"24025391": 18.499999999999996, "64056340": 6.899999999999992}