{"24025391": 18.499999999999996, "64056340": 17.899999999999988}