{"24025391": 18.499999999999996, "64056340": 3.300000000000002}