{"24025391": 18.499999999999996, "64056340": 12.699999999999973}