{"24025391": 18.499999999999996, "64056340": 26.100000000000104}