{"24025391": 18.499999999999996, "64056340": 20.300000000000022}