{"24025391": 18.499999999999996, "64056340": 22.30000000000005}