{"24025391": 18.499999999999996, "64056340": 16.899999999999974}