{"24025391": 18.499999999999996, "64056340": 20.10000000000002}