{"24025391": 18.499999999999996, "64056340": 1.7000000000000006}