{"24025391": 18.499999999999996, "64056340": 8.099999999999989}