{"24025391": 18.499999999999996, "64056340": 10.299999999999981}