{"24025391": 18.499999999999996, "64056340": 17.29999999999998}