{"24025391": 18.499999999999996, "64056340": 6.499999999999994}