{"24025391": 18.499999999999996, "64056340": 13.899999999999968}