{"24025391": 18.499999999999996, "64056340": 7.099999999999992}