{"24025391": 18.499999999999996, "64056340": 2.9000000000000017}