{"24025391": 18.499999999999996, "64056340": 14.499999999999966}