{"24025391": 18.499999999999996, "64056340": 3.7000000000000024}