{"24025391": 18.499999999999996, "64056340": 4.100000000000002}