{"24025391": 18.499999999999996, "64056340": 1.3000000000000003}