{"24025391": 18.499999999999996, "64056340": 5.499999999999997}