{"24025391": 18.499999999999996, "64056340": 24.30000000000008}