{"24025391": 18.499999999999996, "64056340": 4.8999999999999995}