{"24025391": 18.499999999999996, "64056340": 8.499999999999988}