{"24025391": 18.499999999999996, "64056340": 3.100000000000002}