{"24025391": 18.499999999999996, "64056340": 23.900000000000073}