{"24025391": 18.499999999999996, "64056340": 21.50000000000004}