{"24025391": 18.499999999999996, "64056340": 7.6999999999999895}