{"24025391": 18.499999999999996, "64056340": 9.499999999999984}